Cycle,Current_mA,Voltage_V,Power_mW,Command
10,60.000,1.200,72.000,ACTIVATE
210,60.000,1.200,72.000,ACTIVATE
410,60.000,1.200,72.000,ACTIVATE
610,60.000,1.200,72.000,ACTIVATE
810,60.000,1.200,72.000,ACTIVATE
1010,60.000,1.200,72.000,ACTIVATE
1210,60.000,1.200,72.000,ACTIVATE
1410,60.000,1.200,72.000,ACTIVATE
1610,60.000,1.200,72.000,ACTIVATE
1810,60.000,1.200,72.000,ACTIVATE
2010,60.000,1.200,72.000,ACTIVATE
2210,60.000,1.200,72.000,ACTIVATE
2410,60.000,1.200,72.000,ACTIVATE
2610,60.000,1.200,72.000,ACTIVATE
2810,60.000,1.200,72.000,ACTIVATE
3010,60.000,1.200,72.000,ACTIVATE
3210,60.000,1.200,72.000,ACTIVATE
3410,60.000,1.200,72.000,ACTIVATE
3610,60.000,1.200,72.000,ACTIVATE
3810,60.000,1.200,72.000,ACTIVATE
4010,60.000,1.200,72.000,ACTIVATE
4210,60.000,1.200,72.000,ACTIVATE
4410,60.000,1.200,72.000,ACTIVATE
4610,60.000,1.200,72.000,ACTIVATE
4810,60.000,1.200,72.000,ACTIVATE
5010,60.000,1.200,72.000,ACTIVATE
5210,60.000,1.200,72.000,ACTIVATE
5410,60.000,1.200,72.000,ACTIVATE
5610,60.000,1.200,72.000,ACTIVATE
5810,60.000,1.200,72.000,ACTIVATE
6010,60.000,1.200,72.000,ACTIVATE
6210,60.000,1.200,72.000,ACTIVATE
6410,60.000,1.200,72.000,ACTIVATE
6610,60.000,1.200,72.000,ACTIVATE
6810,60.000,1.200,72.000,ACTIVATE
7010,60.000,1.200,72.000,ACTIVATE
7210,60.000,1.200,72.000,ACTIVATE
7410,60.000,1.200,72.000,ACTIVATE
7610,60.000,1.200,72.000,ACTIVATE
7810,60.000,1.200,72.000,ACTIVATE
8010,60.000,1.200,72.000,ACTIVATE
8210,60.000,1.200,72.000,ACTIVATE
8410,60.000,1.200,72.000,ACTIVATE
8610,60.000,1.200,72.000,ACTIVATE
8810,60.000,1.200,72.000,ACTIVATE
9010,60.000,1.200,72.000,ACTIVATE
9210,60.000,1.200,72.000,ACTIVATE
9410,60.000,1.200,72.000,ACTIVATE
9610,60.000,1.200,72.000,ACTIVATE
9810,60.000,1.200,72.000,ACTIVATE
10010,60.000,1.200,72.000,ACTIVATE
10210,60.000,1.200,72.000,ACTIVATE
10410,60.000,1.200,72.000,ACTIVATE
10610,60.000,1.200,72.000,ACTIVATE
10810,60.000,1.200,72.000,ACTIVATE
11010,60.000,1.200,72.000,ACTIVATE
11210,60.000,1.200,72.000,ACTIVATE
11410,60.000,1.200,72.000,ACTIVATE
11610,60.000,1.200,72.000,ACTIVATE
11810,60.000,1.200,72.000,ACTIVATE
12010,60.000,1.200,72.000,ACTIVATE
12210,60.000,1.200,72.000,ACTIVATE
12410,60.000,1.200,72.000,ACTIVATE
12599,40.000,1.200,48.000,IDLE
12799,40.000,1.200,48.000,IDLE
12999,40.000,1.200,48.000,IDLE
13199,40.000,1.200,48.000,IDLE
13399,40.000,1.200,48.000,IDLE
13599,40.000,1.200,48.000,IDLE
13799,40.000,1.200,48.000,IDLE
13999,40.000,1.200,48.000,IDLE
14199,40.000,1.200,48.000,IDLE
14399,40.000,1.200,48.000,IDLE
14599,40.000,1.200,48.000,IDLE
14799,40.000,1.200,48.000,IDLE
14999,40.000,1.200,48.000,IDLE
15199,40.000,1.200,48.000,IDLE
15399,40.000,1.200,48.000,IDLE
15599,40.000,1.200,48.000,IDLE
15799,40.000,1.200,48.000,IDLE
15999,40.000,1.200,48.000,IDLE
16199,40.000,1.200,48.000,IDLE
16399,40.000,1.200,48.000,IDLE
16599,40.000,1.200,48.000,IDLE
16799,40.000,1.200,48.000,IDLE
16999,40.000,1.200,48.000,IDLE
17199,40.000,1.200,48.000,IDLE
17399,40.000,1.200,48.000,IDLE
17599,40.000,1.200,48.000,IDLE
17799,40.000,1.200,48.000,IDLE
17999,40.000,1.200,48.000,IDLE
18199,40.000,1.200,48.000,IDLE
18399,40.000,1.200,48.000,IDLE
18599,40.000,1.200,48.000,IDLE
18799,40.000,1.200,48.000,IDLE
18999,40.000,1.200,48.000,IDLE
19199,40.000,1.200,48.000,IDLE
19399,40.000,1.200,48.000,IDLE
19599,40.000,1.200,48.000,IDLE
19799,40.000,1.200,48.000,IDLE
19999,40.000,1.200,48.000,IDLE
20199,40.000,1.200,48.000,IDLE
20399,40.000,1.200,48.000,IDLE
20599,40.000,1.200,48.000,IDLE
20799,40.000,1.200,48.000,IDLE
20999,40.000,1.200,48.000,IDLE
21199,40.000,1.200,48.000,IDLE
21399,40.000,1.200,48.000,IDLE
21599,40.000,1.200,48.000,IDLE
21799,40.000,1.200,48.000,IDLE
21999,40.000,1.200,48.000,IDLE
22199,40.000,1.200,48.000,IDLE
22399,40.000,1.200,48.000,IDLE
22599,40.000,1.200,48.000,IDLE
22799,40.000,1.200,48.000,IDLE
22999,40.000,1.200,48.000,IDLE
23199,40.000,1.200,48.000,IDLE
23399,40.000,1.200,48.000,IDLE
23599,40.000,1.200,48.000,IDLE
23799,40.000,1.200,48.000,IDLE
23999,40.000,1.200,48.000,IDLE
24199,40.000,1.200,48.000,IDLE
24399,40.000,1.200,48.000,IDLE
24599,40.000,1.200,48.000,IDLE
24799,40.000,1.200,48.000,IDLE
24999,40.000,1.200,48.000,IDLE
25199,40.000,1.200,48.000,IDLE
25376,240.000,1.200,288.000,REFRESH_ALL
25550,40.000,1.200,48.000,PRECHARGE
25750,40.000,1.200,48.000,PRECHARGE
25950,40.000,1.200,48.000,PRECHARGE
26150,40.000,1.200,48.000,PRECHARGE
26350,40.000,1.200,48.000,PRECHARGE
26550,40.000,1.200,48.000,PRECHARGE
26750,40.000,1.200,48.000,PRECHARGE
26950,40.000,1.200,48.000,PRECHARGE
27150,40.000,1.200,48.000,PRECHARGE
27350,40.000,1.200,48.000,PRECHARGE
27550,40.000,1.200,48.000,PRECHARGE
27750,40.000,1.200,48.000,PRECHARGE
27950,40.000,1.200,48.000,PRECHARGE
28150,40.000,1.200,48.000,PRECHARGE
28350,40.000,1.200,48.000,PRECHARGE
28550,40.000,1.200,48.000,PRECHARGE
28750,40.000,1.200,48.000,PRECHARGE
28950,40.000,1.200,48.000,PRECHARGE
29150,40.000,1.200,48.000,PRECHARGE
29350,40.000,1.200,48.000,PRECHARGE
29550,40.000,1.200,48.000,PRECHARGE
29750,40.000,1.200,48.000,PRECHARGE
29950,40.000,1.200,48.000,PRECHARGE
30150,40.000,1.200,48.000,PRECHARGE
30350,40.000,1.200,48.000,PRECHARGE
30550,40.000,1.200,48.000,PRECHARGE
30750,40.000,1.200,48.000,PRECHARGE
30950,40.000,1.200,48.000,PRECHARGE
31150,40.000,1.200,48.000,PRECHARGE
31350,40.000,1.200,48.000,PRECHARGE
31550,40.000,1.200,48.000,PRECHARGE
31750,40.000,1.200,48.000,PRECHARGE
31950,40.000,1.200,48.000,PRECHARGE
32150,40.000,1.200,48.000,PRECHARGE
32350,40.000,1.200,48.000,PRECHARGE
32550,40.000,1.200,48.000,PRECHARGE
32750,40.000,1.200,48.000,PRECHARGE
32950,40.000,1.200,48.000,PRECHARGE
33150,40.000,1.200,48.000,PRECHARGE
33350,40.000,1.200,48.000,PRECHARGE
33550,40.000,1.200,48.000,PRECHARGE
33750,40.000,1.200,48.000,PRECHARGE
33950,40.000,1.200,48.000,PRECHARGE
34150,40.000,1.200,48.000,PRECHARGE
34350,40.000,1.200,48.000,PRECHARGE
34550,40.000,1.200,48.000,PRECHARGE
34750,40.000,1.200,48.000,PRECHARGE
34950,40.000,1.200,48.000,PRECHARGE
35150,40.000,1.200,48.000,PRECHARGE
35350,40.000,1.200,48.000,PRECHARGE
35550,40.000,1.200,48.000,PRECHARGE
35750,40.000,1.200,48.000,PRECHARGE
35950,40.000,1.200,48.000,PRECHARGE
36150,40.000,1.200,48.000,PRECHARGE
36350,40.000,1.200,48.000,PRECHARGE
36550,40.000,1.200,48.000,PRECHARGE
36750,40.000,1.200,48.000,PRECHARGE
36950,40.000,1.200,48.000,PRECHARGE
37150,40.000,1.200,48.000,PRECHARGE
37350,40.000,1.200,48.000,PRECHARGE
37550,40.000,1.200,48.000,PRECHARGE
37750,40.000,1.200,48.000,PRECHARGE
37950,40.000,1.200,48.000,PRECHARGE
38150,40.000,1.200,48.000,PRECHARGE
38340,165.000,1.200,198.000,WRITE
38540,165.000,1.200,198.000,WRITE
38740,165.000,1.200,198.000,WRITE
38940,165.000,1.200,198.000,WRITE
39140,165.000,1.200,198.000,WRITE
39340,165.000,1.200,198.000,WRITE
39540,165.000,1.200,198.000,WRITE
39740,165.000,1.200,198.000,WRITE
39940,165.000,1.200,198.000,WRITE
40140,165.000,1.200,198.000,WRITE
40340,165.000,1.200,198.000,WRITE
40540,165.000,1.200,198.000,WRITE
40740,165.000,1.200,198.000,WRITE
40940,165.000,1.200,198.000,WRITE
41140,165.000,1.200,198.000,WRITE
41340,165.000,1.200,198.000,WRITE
41540,165.000,1.200,198.000,WRITE
41740,165.000,1.200,198.000,WRITE
41940,165.000,1.200,198.000,WRITE
42140,165.000,1.200,198.000,WRITE
42340,165.000,1.200,198.000,WRITE
42540,165.000,1.200,198.000,WRITE
42740,165.000,1.200,198.000,WRITE
42940,165.000,1.200,198.000,WRITE
43140,165.000,1.200,198.000,WRITE
43340,165.000,1.200,198.000,WRITE
43540,165.000,1.200,198.000,WRITE
43740,165.000,1.200,198.000,WRITE
43940,165.000,1.200,198.000,WRITE
44140,165.000,1.200,198.000,WRITE
44340,165.000,1.200,198.000,WRITE
44540,165.000,1.200,198.000,WRITE
44740,165.000,1.200,198.000,WRITE
44940,165.000,1.200,198.000,WRITE
45140,165.000,1.200,198.000,WRITE
45340,165.000,1.200,198.000,WRITE
45540,165.000,1.200,198.000,WRITE
45740,165.000,1.200,198.000,WRITE
45940,165.000,1.200,198.000,WRITE
46140,165.000,1.200,198.000,WRITE
46340,165.000,1.200,198.000,WRITE
46540,165.000,1.200,198.000,WRITE
46740,165.000,1.200,198.000,WRITE
46940,165.000,1.200,198.000,WRITE
47140,165.000,1.200,198.000,WRITE
47340,165.000,1.200,198.000,WRITE
47540,165.000,1.200,198.000,WRITE
47740,165.000,1.200,198.000,WRITE
47940,165.000,1.200,198.000,WRITE
48140,165.000,1.200,198.000,WRITE
48340,165.000,1.200,198.000,WRITE
48540,165.000,1.200,198.000,WRITE
48740,165.000,1.200,198.000,WRITE
48940,165.000,1.200,198.000,WRITE
49140,165.000,1.200,198.000,WRITE
49340,165.000,1.200,198.000,WRITE
49540,165.000,1.200,198.000,WRITE
49740,165.000,1.200,198.000,WRITE
49940,165.000,1.200,198.000,WRITE
50140,165.000,1.200,198.000,WRITE
50340,165.000,1.200,198.000,WRITE
50540,165.000,1.200,198.000,WRITE
50740,165.000,1.200,198.000,WRITE
50940,165.000,1.200,198.000,WRITE
51140,165.000,1.200,198.000,WRITE
51320,180.000,1.200,216.000,READ
51520,180.000,1.200,216.000,READ
51720,180.000,1.200,216.000,READ
51920,180.000,1.200,216.000,READ
52120,180.000,1.200,216.000,READ
52320,180.000,1.200,216.000,READ
52520,180.000,1.200,216.000,READ
52720,180.000,1.200,216.000,READ
52920,180.000,1.200,216.000,READ
53120,180.000,1.200,216.000,READ
53320,180.000,1.200,216.000,READ
53520,180.000,1.200,216.000,READ
53720,180.000,1.200,216.000,READ
53920,180.000,1.200,216.000,READ
54120,180.000,1.200,216.000,READ
54320,180.000,1.200,216.000,READ
54520,180.000,1.200,216.000,READ
54720,180.000,1.200,216.000,READ
54920,180.000,1.200,216.000,READ
55120,180.000,1.200,216.000,READ
55320,180.000,1.200,216.000,READ
55520,180.000,1.200,216.000,READ
55720,180.000,1.200,216.000,READ
55920,180.000,1.200,216.000,READ
56120,180.000,1.200,216.000,READ
56320,180.000,1.200,216.000,READ
56520,180.000,1.200,216.000,READ
56720,180.000,1.200,216.000,READ
56920,180.000,1.200,216.000,READ
57120,180.000,1.200,216.000,READ
57320,180.000,1.200,216.000,READ
57520,180.000,1.200,216.000,READ
57720,180.000,1.200,216.000,READ
57920,180.000,1.200,216.000,READ
58120,180.000,1.200,216.000,READ
58320,180.000,1.200,216.000,READ
58520,180.000,1.200,216.000,READ
58720,180.000,1.200,216.000,READ
58920,180.000,1.200,216.000,READ
59120,180.000,1.200,216.000,READ
59320,180.000,1.200,216.000,READ
59520,180.000,1.200,216.000,READ
59720,180.000,1.200,216.000,READ
59920,180.000,1.200,216.000,READ
60120,180.000,1.200,216.000,READ
60320,180.000,1.200,216.000,READ
60520,180.000,1.200,216.000,READ
60720,180.000,1.200,216.000,READ
60920,180.000,1.200,216.000,READ
61120,180.000,1.200,216.000,READ
61320,180.000,1.200,216.000,READ
61520,180.000,1.200,216.000,READ
61720,180.000,1.200,216.000,READ
61920,180.000,1.200,216.000,READ
62120,180.000,1.200,216.000,READ
62320,180.000,1.200,216.000,READ
62520,180.000,1.200,216.000,READ
62720,180.000,1.200,216.000,READ
62920,180.000,1.200,216.000,READ
63120,180.000,1.200,216.000,READ
63320,180.000,1.200,216.000,READ
63520,180.000,1.200,216.000,READ
63720,180.000,1.200,216.000,READ
63920,180.000,1.200,216.000,READ
64110,60.000,1.200,72.000,ACTIVATE
64310,60.000,1.200,72.000,ACTIVATE
64510,60.000,1.200,72.000,ACTIVATE
64710,60.000,1.200,72.000,ACTIVATE
64910,60.000,1.200,72.000,ACTIVATE
65110,60.000,1.200,72.000,ACTIVATE
65310,60.000,1.200,72.000,ACTIVATE
65510,60.000,1.200,72.000,ACTIVATE
65710,60.000,1.200,72.000,ACTIVATE
65910,60.000,1.200,72.000,ACTIVATE
66110,60.000,1.200,72.000,ACTIVATE
66310,60.000,1.200,72.000,ACTIVATE
66510,60.000,1.200,72.000,ACTIVATE
66710,60.000,1.200,72.000,ACTIVATE
66910,60.000,1.200,72.000,ACTIVATE
67110,60.000,1.200,72.000,ACTIVATE
67310,60.000,1.200,72.000,ACTIVATE
67510,60.000,1.200,72.000,ACTIVATE
67710,60.000,1.200,72.000,ACTIVATE
67910,60.000,1.200,72.000,ACTIVATE
68110,60.000,1.200,72.000,ACTIVATE
68310,60.000,1.200,72.000,ACTIVATE
68510,60.000,1.200,72.000,ACTIVATE
68710,60.000,1.200,72.000,ACTIVATE
68910,60.000,1.200,72.000,ACTIVATE
69110,60.000,1.200,72.000,ACTIVATE
69310,60.000,1.200,72.000,ACTIVATE
69510,60.000,1.200,72.000,ACTIVATE
69710,60.000,1.200,72.000,ACTIVATE
69910,60.000,1.200,72.000,ACTIVATE
70110,60.000,1.200,72.000,ACTIVATE
70310,60.000,1.200,72.000,ACTIVATE
70510,60.000,1.200,72.000,ACTIVATE
70710,60.000,1.200,72.000,ACTIVATE
70910,60.000,1.200,72.000,ACTIVATE
71110,60.000,1.200,72.000,ACTIVATE
71310,60.000,1.200,72.000,ACTIVATE
71510,60.000,1.200,72.000,ACTIVATE
71710,60.000,1.200,72.000,ACTIVATE
71910,60.000,1.200,72.000,ACTIVATE
72110,60.000,1.200,72.000,ACTIVATE
72310,60.000,1.200,72.000,ACTIVATE
72510,60.000,1.200,72.000,ACTIVATE
72710,60.000,1.200,72.000,ACTIVATE
72910,60.000,1.200,72.000,ACTIVATE
73110,60.000,1.200,72.000,ACTIVATE
73310,60.000,1.200,72.000,ACTIVATE
73510,60.000,1.200,72.000,ACTIVATE
73710,60.000,1.200,72.000,ACTIVATE
73910,60.000,1.200,72.000,ACTIVATE
74110,60.000,1.200,72.000,ACTIVATE
74310,60.000,1.200,72.000,ACTIVATE
74510,60.000,1.200,72.000,ACTIVATE
74710,60.000,1.200,72.000,ACTIVATE
74910,60.000,1.200,72.000,ACTIVATE
75110,60.000,1.200,72.000,ACTIVATE
75310,60.000,1.200,72.000,ACTIVATE
75510,60.000,1.200,72.000,ACTIVATE
75710,60.000,1.200,72.000,ACTIVATE
75910,60.000,1.200,72.000,ACTIVATE
76110,60.000,1.200,72.000,ACTIVATE
76310,60.000,1.200,72.000,ACTIVATE
76510,60.000,1.200,72.000,ACTIVATE
76710,60.000,1.200,72.000,ACTIVATE
76910,60.000,1.200,72.000,ACTIVATE
77099,40.000,1.200,48.000,IDLE
77299,40.000,1.200,48.000,IDLE
77499,40.000,1.200,48.000,IDLE
77699,40.000,1.200,48.000,IDLE
77899,40.000,1.200,48.000,IDLE
78099,40.000,1.200,48.000,IDLE
78299,40.000,1.200,48.000,IDLE
78499,40.000,1.200,48.000,IDLE
78699,40.000,1.200,48.000,IDLE
78899,40.000,1.200,48.000,IDLE
79099,40.000,1.200,48.000,IDLE
79299,40.000,1.200,48.000,IDLE
79499,40.000,1.200,48.000,IDLE
79699,40.000,1.200,48.000,IDLE
79899,40.000,1.200,48.000,IDLE
80099,40.000,1.200,48.000,IDLE
80299,40.000,1.200,48.000,IDLE
80499,40.000,1.200,48.000,IDLE
80699,40.000,1.200,48.000,IDLE
80899,40.000,1.200,48.000,IDLE
81099,40.000,1.200,48.000,IDLE
81299,40.000,1.200,48.000,IDLE
81499,40.000,1.200,48.000,IDLE
81699,40.000,1.200,48.000,IDLE
81899,40.000,1.200,48.000,IDLE
82099,40.000,1.200,48.000,IDLE
82299,40.000,1.200,48.000,IDLE
82499,40.000,1.200,48.000,IDLE
82699,40.000,1.200,48.000,IDLE
82899,40.000,1.200,48.000,IDLE
83099,40.000,1.200,48.000,IDLE
83299,40.000,1.200,48.000,IDLE
83499,40.000,1.200,48.000,IDLE
83699,40.000,1.200,48.000,IDLE
83899,40.000,1.200,48.000,IDLE
84099,40.000,1.200,48.000,IDLE
84299,40.000,1.200,48.000,IDLE
84499,40.000,1.200,48.000,IDLE
84699,40.000,1.200,48.000,IDLE
84899,40.000,1.200,48.000,IDLE
85099,40.000,1.200,48.000,IDLE
85299,40.000,1.200,48.000,IDLE
85499,40.000,1.200,48.000,IDLE
85699,40.000,1.200,48.000,IDLE
85899,40.000,1.200,48.000,IDLE
86099,40.000,1.200,48.000,IDLE
86299,40.000,1.200,48.000,IDLE
86499,40.000,1.200,48.000,IDLE
86699,40.000,1.200,48.000,IDLE
86899,40.000,1.200,48.000,IDLE
87099,40.000,1.200,48.000,IDLE
87299,40.000,1.200,48.000,IDLE
87499,40.000,1.200,48.000,IDLE
87699,40.000,1.200,48.000,IDLE
87899,40.000,1.200,48.000,IDLE
88099,40.000,1.200,48.000,IDLE
88299,40.000,1.200,48.000,IDLE
88499,40.000,1.200,48.000,IDLE
88699,40.000,1.200,48.000,IDLE
88899,40.000,1.200,48.000,IDLE
89099,40.000,1.200,48.000,IDLE
89299,40.000,1.200,48.000,IDLE
89499,40.000,1.200,48.000,IDLE
89699,40.000,1.200,48.000,IDLE
89856,240.000,1.200,288.000,REFRESH_ALL
90050,40.000,1.200,48.000,PRECHARGE
90250,40.000,1.200,48.000,PRECHARGE
90450,40.000,1.200,48.000,PRECHARGE
90650,40.000,1.200,48.000,PRECHARGE
90850,40.000,1.200,48.000,PRECHARGE
91050,40.000,1.200,48.000,PRECHARGE
91250,40.000,1.200,48.000,PRECHARGE
91450,40.000,1.200,48.000,PRECHARGE
91650,40.000,1.200,48.000,PRECHARGE
91850,40.000,1.200,48.000,PRECHARGE
92050,40.000,1.200,48.000,PRECHARGE
92250,40.000,1.200,48.000,PRECHARGE
92450,40.000,1.200,48.000,PRECHARGE
92650,40.000,1.200,48.000,PRECHARGE
92850,40.000,1.200,48.000,PRECHARGE
93050,40.000,1.200,48.000,PRECHARGE
93250,40.000,1.200,48.000,PRECHARGE
93450,40.000,1.200,48.000,PRECHARGE
93650,40.000,1.200,48.000,PRECHARGE
93850,40.000,1.200,48.000,PRECHARGE
94050,40.000,1.200,48.000,PRECHARGE
94250,40.000,1.200,48.000,PRECHARGE
94450,40.000,1.200,48.000,PRECHARGE
94650,40.000,1.200,48.000,PRECHARGE
94850,40.000,1.200,48.000,PRECHARGE
95050,40.000,1.200,48.000,PRECHARGE
95250,40.000,1.200,48.000,PRECHARGE
95450,40.000,1.200,48.000,PRECHARGE
95650,40.000,1.200,48.000,PRECHARGE
95850,40.000,1.200,48.000,PRECHARGE
96050,40.000,1.200,48.000,PRECHARGE
96250,40.000,1.200,48.000,PRECHARGE
96450,40.000,1.200,48.000,PRECHARGE
96650,40.000,1.200,48.000,PRECHARGE
96850,40.000,1.200,48.000,PRECHARGE
97050,40.000,1.200,48.000,PRECHARGE
97250,40.000,1.200,48.000,PRECHARGE
97450,40.000,1.200,48.000,PRECHARGE
97650,40.000,1.200,48.000,PRECHARGE
97850,40.000,1.200,48.000,PRECHARGE
98050,40.000,1.200,48.000,PRECHARGE
98250,40.000,1.200,48.000,PRECHARGE
98450,40.000,1.200,48.000,PRECHARGE
98650,40.000,1.200,48.000,PRECHARGE
98850,40.000,1.200,48.000,PRECHARGE
99050,40.000,1.200,48.000,PRECHARGE
99250,40.000,1.200,48.000,PRECHARGE
99450,40.000,1.200,48.000,PRECHARGE
99650,40.000,1.200,48.000,PRECHARGE
99850,40.000,1.200,48.000,PRECHARGE
